{
  "format_version": "1.10.0",
  "animation_controllers": {
    "controller.animation.death_effect": { //This is to detect if the player has the death_effect toggled or not
      "initial_state": "default",
      "states": {
        "default": {
          "transitions": [
            {
              "condition": "(variable.death_effect == 1) && !query.is_alive"
            }
          ]
        },
        "condition": {
          "transitions": [
            {
              "default": "query.is_alive"
            }
          ],
          "on_entry": [
            "/summon lightning_bolt ~~3~",
            "/scoreboard players reset @s timealive",
            "/particle minecraft:totem_particle ~ ~ ~",
            "/particle minecraft:totem_particle ~ ~ ~",
            "/particle minecraft:totem_particle ~ ~ ~",
            "/particle minecraft:totem_particle ~ ~ ~",
            "/particle minecraft:totem_particle ~ ~ ~",
            "/particle minecraft:totem_particle ~ ~ ~",
            "/particle minecraft:totem_particle ~ ~ ~",
            "/particle minecraft:totem_particle ~ ~ ~",
            "/particle minecraft:totem_particle ~ ~ ~",
            "/particle minecraft:totem_particle ~ ~ ~",
            "/particle minecraft:totem_particle ~ ~ ~",
            "/particle minecraft:totem_particle ~ ~ ~",
            "/particle minecraft:totem_particle ~ ~ ~",
            "/particle minecraft:totem_particle ~ ~ ~",
            "/particle minecraft:totem_particle ~ ~ ~",
            "/execute @a[r=8] ~~~ playsound random.levelup @s ~~~ 2"
          ]
        }
      }
    },
    "controller.animation.on_death": { //This is to detect if the player has died in general which will execute commands
      "initial_state": "default",
      "states": {
        "default": {
          "transitions": [
            {
              "dead": "!query.is_alive"
            }
          ]
        },
        "dead": {
          "transitions": [
            {
              "default": "query.is_alive"
            }
          ],
          "on_entry": [
            "/scoreboard players set @s hometimer 17",
            "/tag @s remove home",
            "/scoreboard players add @s deaths 1",
            "/execute @s[scores={killstreak=10..}] ~~~ tellraw @a {\"rawtext\":[{\"text\":\"§¶§cAtomic §b→ §d\"},{\"selector\":\"@s\"},{\"text\":\" Has lost their killstreak!\"}]}",
            "/scoreboard players set @s killstreak 0",
            "/scoreboard players operation @s X_Coord_D = @s X_Coordinate",
            "/scoreboard players operation @s Y_Coord_D = @s Y_Coordinate",
            "/scoreboard players operation @s Z_Coord_D = @s Z_Coordinate"
          ]
        }
      }
    }
  }
}