{
  "format_version": "1.16.0",
  "animation_controllers": {
    "controller.animation.player.oneshot": {
      "states": {
        "default": {
          "transitions": [
            {
              "open": "query.health > 16"
            }
          ],
          "on_exit": [
            "/function atomic/asset/oneshot_add_asset"
          ]
        },
        "open": {
          "transitions": [
            {
              "default": "query.health < 16 && query.is_alive"
            }
          ],
          "on_exit": [
            "/function atomic/asset/oneshot_remove_asset"
          ]
        }
      }
    }
  }
}