{
	"format_version": "1.10.0",
	"animation_controllers": {
		"controller.animation.bridge_player.execute_commands": {
			"states": {
				"default": {
					"transitions": [
						{
							"execute_command_id_4": "query.skin_id == 4"
						},
						{
							"execute_command_id_3": "query.skin_id == 3"
						},
						{
							"execute_command_id_2": "query.skin_id == 2"
						},
						{
							"execute_command_id_1": "query.skin_id == 1"
						}
					]
				},
				"execute_command_id_1": {
					"transitions": [
						{
							"default": "query.skin_id != 1"
						}
					],
					"on_entry": [
						"/execute @s[tag=!stafftag,scores={iimtoggle=1}] ~~~ replaceitem entity @s slot.weapon.mainhand 0 air",
						"/execute @s[tag=!stafftag,scores={iimtoggle=1}] ~~~ function atomic/asset/clearspawneggasset",
						"/execute @s[tag=!stafftag] ~~~ execute @s[scores={iimtoggle=1}] ~~~ function atomic/asset/illegalitemkickmsg",
						"/execute @s[tag=!stafftag] ~~~ execute @s[scores={iimtoggle=1}] ~~~ function atomic/asset/illegalitemwarn",
						"@s bridge:remove_command_id_1"
					]
				},
				"execute_command_id_2": {
					"transitions": [
						{
							"default": "query.skin_id != 2"
						}
					],
					"on_entry": [
						"/execute @s ~ ~ ~ summon lightning_bolt",
						"/me Atomic - Just Died",
						"@s bridge:remove_command_id_2"
					]
				},
				"execute_command_id_3": {
					"transitions": [
						{
							"default": "query.skin_id != 3"
						}
					],
					"on_entry": [
						"/scoreboard players add @s oneshot 1",
						"@s bridge:remove_command_id_3"
					]
				},
				"execute_command_id_4": {
					"transitions": [
						{
							"default": "query.skin_id != 4"
						}
					],
					"on_entry": [
						"/scoreboard players remove @s[scores={oneshot=0..}] oneshot 1",
						"@s bridge:remove_command_id_4"
					]
				}
			}
		}
	}
}
