{
	"format_version": "1.14",
	"minecraft:npc_dialogue":
	{
		"scenes":
		[
			{
				"scene_tag": "atomic_basic_commands",
				"npc_name": { "rawtext": [ { "text": "§l§bAtomic AntiCheat §7[§1v0.1§7]" } ] },
				"text": { "rawtext": [ { "text": "§l§catomic → §5GUI BASIC COMMANDS MENU" } ] },
				"buttons": [
					{
						"name": { "rawtext": [ { "text": "§l§2VANISH" } ] },
						"commands": [
							"/execute @s[tag=stafftag] ~~~ function atomic/vanish",
              "/execute @s[tag=stafftag] ~~~ dialogue open @s @s atomic_basic_commands"
						]
					},
					{
						"name": { "rawtext": [ { "text": "§l§2TGM" } ] },
						"commands": [
							"/execute @s[tag=stafftag] ~~~ function atomic/tgm",
              "/execute @s[tag=stafftag] ~~~ dialogue open @s @s atomic_basic_commands"
						]
					},
					{
						"name": { "rawtext": [ { "text": "§l§2LAGCLEAR" } ] },
						"commands": [
							"/execute @s[tag=stafftag] ~~~ function atomic/lagclear",
              "/execute @s[tag=stafftag] ~~~ dialogue open @s @s atomic_basic_commands"
						]
					},
					{
						"name": { "rawtext": [ { "text": "§l§2CLEARCHAT" } ] },
						"commands": [
							"/execute @s[tag=stafftag] ~~~ function atomic/chatclear",
              "/execute @s[tag=stafftag] ~~~ dialogue open @s @s atomic_basic_commands"
						]
					},
					{
						"name": { "rawtext": [ { "text": "§l§2CREDIT" } ] },
						"commands": [
							"/execute @s[tag=stafftag] ~~~ function atomic/credit",
              "/execute @s[tag=stafftag] ~~~ dialogue open @s @s atomic_basic_commands"
						]
					},
					{
						"name": { "rawtext": [ { "text": "§l§5MAIN MENU" } ] },
						"commands": [
							"/execute @s[tag=stafftag] ~~~ function atomic/gui"
						]
					}
				],
				"on_close_commands": [
                    "  "
				]
			}
		]
	}
}
