{
	"format_version": "1.14",
	"minecraft:npc_dialogue":
	{
		"scenes":
		[
			{
				"scene_tag": "atomic_teleports1",
        "npc_name": { "rawtext": [ { "text": "§¶§bAtomic AntiCheat §7[§1v0.1§7]" } ] },
				"text": { "rawtext": [ { "text": "§¶§cAtomic → §5§lGUI TELEPORT MENU" } ] },
				"buttons": [
					{
						"name": { "rawtext": [ { "text": "§l§2SPAWN" } ] },
						"commands": [
							"/execute @s[tag=stafftag] ~~~ tp @s 10 90 -10",
              "/execute @s[tag=stafftag] ~~~ function dialogue_messages/spawntp_message",
              "/execute @s[tag=stafftag] ~~~ effect @s slow_falling 4 1 true",
							"/execute @s[tag=stafftag] ~~~ playsound note.pling @s ~ ~ ~"
						]
					},
					{
						"name": { "rawtext": [ { "text": "§l§2TP @R" } ] },
						"commands": [
              "/execute @s[tag=stafftag] ~~~ tp @s @r[tag=!stafftag]",
              "/execute @s[tag=stafftag] ~~~ function dialogue_messages/r_playertp_message",
              "/execute @s[tag=stafftag] ~~~ playsound note.pling @s ~ ~ ~"
						]
					},
					{
						"name": { "rawtext": [ { "text": "§l§2SPAWN SET" } ] },
						"commands": [
							"/execute @s[tag=stafftag] ~~~ function atomic/itemcommand/setspawn",
              "/execute @s[tag=stafftag] ~~~ dialogue open @s @s atomic_teleports1",
							"/execute @s[tag=stafftag] ~~~ playsound note.pling @s ~ ~ ~"
						]
					},
					{
						"name": { "rawtext": [ { "text": "§l§2TP HOME" } ] },
						"commands": [
							"/execute @s[tag=stafftag,tag=spawnset] ~~~ scoreboard players set @s teleporting_home 1",
              "/execute @s[tag=stafftag] ~~~ function dialogue_messages/hometp_message",
							"/execute @s[tag=stafftag] ~~~ playsound note.pling @s ~ ~ ~"
						]
					},
          {
						"name": { "rawtext": [ { "text": "§l§5MAIN MENU" } ] },
						"commands": [
							"/execute @s[tag=stafftag] ~~~ function atomic/gui"
						]
					},
          {
						"name": { "rawtext": [ { "text": "§l§cCLOSE MENU" } ] },
						"commands": [
							"/function dialogue_messages/close_message"
						]
					}
				],
				"on_close_commands": [
                    " "
				]
			},
			{
				"scene_tag": "welcome_screen",
				"npc_name": { "rawtext": [ { "text": "§¶§bAtomic AntiCheat §7[§1v0.0§7]" } ] },
				"text": { "rawtext": [ { "text": "§¶§bAtomic AntiCheat §7[§1v0.0§7]" } ] },
				"buttons": [
					{
						"name": { "rawtext": [ { "text": "§5§lClose" } ] },
						"commands": [
							" "
						]
					}
				],
				"on_close_commands": [
                    " "
				]
			},
			{
				"scene_tag": "manage_player",
				"npc_name": { "rawtext": [ { "text": "" } ] },
				"text": { "rawtext": [ { "text": "" } ] },
				"buttons": [

				],
				"on_close_commands": [

				]
			}
		]
	}
}