{
	"format_version": "1.14",
	"minecraft:npc_dialogue":
	{
		"scenes":
		[
			{
				"scene_tag": "atomic_music_gui3",
        "npc_name": { "rawtext": [ { "text": "§¶§bAtomic AntiCheat §7[§1v0.1§7]" } ] },
				"text": { "rawtext": [ { "text": "§¶§cAtomic → §5§lGUI MUSIC MENU PAGE 3" } ] },
				"buttons": [
					{
						"name": { "rawtext": [ { "text": "§l§2WARD" } ] },
						"commands": [
							"/execute @s[tag=stafftag] ~~~ execute @a ~~~ music play record.ward 1 0 play_once",
              "/execute @s[tag=stafftag] ~~~ dialogue open @s @s atomic_music_gui3",
							"/execute @s[tag=stafftag] ~~~ playsound note.pling @s ~ ~ ~"
						]
					},
					{
						"name": { "rawtext": [ { "text": "§l§211" } ] },
						"commands": [
              "/execute @s[tag=stafftag] ~~~ execute @a ~~~ music play record.11 1 0 play_once",
              "/execute @s[tag=stafftag] ~~~ dialogue open @s @s atomic_music_gui3",
              "/execute @s[tag=stafftag] ~~~ playsound note.pling @s ~ ~ ~"
						]
					},
					{
						"name": { "rawtext": [ { "text": "§l§2WAIT" } ] },
						"commands": [
							"/execute @s[tag=stafftag] ~~~ execute @a ~~~ music play record.wait 1 0 play_once",
              "/execute @s[tag=stafftag] ~~~ dialogue open @s @s atomic_music_gui3",
							"/execute @s[tag=stafftag] ~~~ playsound note.pling @s ~ ~ ~"
						]
					},
					{
						"name": { "rawtext": [ { "text": "§l§2STOP MUSIC" } ] },
						"commands": [
							"/execute @s[tag=stafftag] ~~~ execute @a ~~~ music stop",
              "/execute @s[tag=stafftag] ~~~ dialogue open @s @s atomic_music_gui3",
							"/execute @s[tag=stafftag] ~~~ playsound note.pling @s ~ ~ ~"
						]
					},
          {
						"name": { "rawtext": [ { "text": "§l§9Page 1" } ] },
						"commands": [
							"/execute @s[tag=stafftag] ~~~ dialogue open @s @s atomic_music_gui1",
							"/execute @s[tag=stafftag] ~~~ playsound note.pling @s ~ ~ ~"
						]
					},
					{
						"name": { "rawtext": [ { "text": "§l§5MAIN MENU" } ] },
						"commands": [
							"/execute @s[tag=stafftag] ~~~ function atomic/gui",
							"/execute @s[tag=stafftag] ~~~ playsound note.pling @s ~ ~ ~"
						]
					}
				],
				"on_close_commands": [
                    " "
				]
			},
			{
				"scene_tag": "welcome_screen",
				"npc_name": { "rawtext": [ { "text": "§¶§bAtomic AntiCheat §7[§1v0.0§7]" } ] },
				"text": { "rawtext": [ { "text": "§¶§bAtomic AntiCheat §7[§1v0.0§7]" } ] },
				"buttons": [
					{
						"name": { "rawtext": [ { "text": "§5§lClose" } ] },
						"commands": [
							" "
						]
					}
				],
				"on_close_commands": [
                    " "
				]
			},
			{
				"scene_tag": "manage_player",
				"npc_name": { "rawtext": [ { "text": "" } ] },
				"text": { "rawtext": [ { "text": "" } ] },
				"buttons": [

				],
				"on_close_commands": [

				]
			}
		]
	}
}