{
	"format_version": "1.14",
	"minecraft:npc_dialogue":
	{
		"scenes":
		[
			{
				"scene_tag": "atomic_realm_cmd_gui",
        "npc_name": { "rawtext": [ { "text": "§¶§bAtomic AntiCheat §7[§1v0.1§7]" } ] },
				"text": { "rawtext": [ { "text": "§¶§cAtomic → §5§lGUI REALM COMMANDS MENU" } ] },
				"buttons": [
					{
						"name": { "rawtext": [ { "text": "§l§2STOP RAIN" } ] },
						"commands": [
							"/execute @s[tag=stafftag] ~~~ toggledownfall",
              "/execute @s[tag=stafftag] ~~~ dialogue open @s @s atomic_realm_cmd_gui",
							"/execute @s[tag=stafftag] ~~~ playsound note.pling @s ~ ~ ~"
						]
					},
					{
						"name": { "rawtext": [ { "text": "§l§2SET DAYTIME" } ] },
						"commands": [
              "/execute @s[tag=stafftag] ~~~ time set 100",
              "/execute @s[tag=stafftag] ~~~ dialogue open @s @s atomic_realm_cmd_gui",
              "/execute @s[tag=stafftag] ~~~ playsound note.pling @s ~ ~ ~"
						]
					},
					{
						"name": { "rawtext": [ { "text": "§l§2PVP TOGGLE" } ] },
						"commands": [
							"/execute @s[tag=stafftag] ~~~ function dialogue_messages/pvp_toggle_message",
              "/execute @s[tag=stafftag] ~~~ dialogue open @s @s atomic_realm_cmd_gui",
							"/execute @s[tag=stafftag] ~~~ playsound note.pling @s ~ ~ ~"
						]
					},
					{
						"name": { "rawtext": [ { "text": "§l§2KILL ALL" } ] },
						"commands": [
							"/execute @s[tag=stafftag] ~~~ kill @e[type=!player]",
              "/execute @s[tag=stafftag] ~~~ dialogue open @s @s atomic_realm_cmd_gui",
							"/execute @s[tag=stafftag] ~~~ playsound note.pling @s ~ ~ ~"
						]
					},
          {
						"name": { "rawtext": [ { "text": "§l§5PLAY MUSIC" } ] },
						"commands": [
							"/execute @s[tag=stafftag] ~~~ dialogue open @s @s atomic_music_gui1",
							"/execute @s[tag=stafftag] ~~~ playsound note.pling @s ~ ~ ~"
						]
					},
					{
						"name": { "rawtext": [ { "text": "§l§9PAGE 2" } ] },
						"commands": [
							"/execute @s[tag=stafftag] ~~~ function atomic/test",
							"/execute @s[tag=stafftag] ~~~ playsound note.pling @s ~ ~ ~"
						]
					}
				],
				"on_close_commands": [
                    " "
				]
			},
			{
				"scene_tag": "welcome_screen",
				"npc_name": { "rawtext": [ { "text": "§¶§bAtomic AntiCheat §7[§1v0.0§7]" } ] },
				"text": { "rawtext": [ { "text": "§¶§bAtomic AntiCheat §7[§1v0.0§7]" } ] },
				"buttons": [
					{
						"name": { "rawtext": [ { "text": "§5§lClose" } ] },
						"commands": [
							" "
						]
					}
				],
				"on_close_commands": [
                    " "
				]
			},
			{
				"scene_tag": "manage_player",
				"npc_name": { "rawtext": [ { "text": "" } ] },
				"text": { "rawtext": [ { "text": "" } ] },
				"buttons": [

				],
				"on_close_commands": [

				]
			}
		]
	}
}