{
	"format_version": "1.14",
	"minecraft:npc_dialogue":
	{
		"scenes":
		[
			{
				"scene_tag": "atomic_kit_commands",
				"npc_name": { "rawtext": [ { "text": "§¶§bAtomic AntiCheat §7[§1v0.1§7]" } ] },
				"text": { "rawtext": [ { "text": "§¶§c§lAtomic → §5GUI KITS MENU" } ] },
				"buttons": [
					{
						"name": { "rawtext": [ { "text": "§l§2IRON" } ] },
						"commands": [
							"/execute @s[tag=stafftag] ~~~ function KIT/iron_kit",
              "/execute @s[tag=stafftag] ~~~ dialogue open @s @s atomic_kit_commands"
						]
					},
					{
						"name": { "rawtext": [ { "text": "§l§2DIAMOND" } ] },
						"commands": [
							"/execute @s[tag=stafftag] ~~~ function KIT/diamond_kit",
              "/execute @s[tag=stafftag] ~~~ dialogue open @s @s atomic_kit_commands"
						]
					},
					{
						"name": { "rawtext": [ { "text": "§l§2NETHITE" } ] },
						"commands": [
							"/execute @s[tag=stafftag] ~~~ function KIT/netherite_kit",
              "/execute @s[tag=stafftag] ~~~ dialogue open @s @s atomic_kit_commands"
						]
					},
					{
						"name": { "rawtext": [ { "text": "§l§2CLEAR INV" } ] },
						"commands": [
							"/clear",
              "/execute @s[tag=stafftag] ~~~ playsound note.pling @s ~ ~ ~",
              "/execute @s[tag=stafftag] ~~~ dialogue open @s @s atomic_kit_commands"
						]
					},
					{
						"name": { "rawtext": [ { "text": "§l§5MAIN MENU" } ] },
						"commands": [
							"/execute @s[tag=stafftag] ~~~ function atomic/gui"
						]
					},
					{
						"name": { "rawtext": [ { "text": "§l§cCLOSE" } ] },
						"commands": [
              "/execute @s[tag=stafftag] ~~~ function dialogue_messages/close_message"
						]
					}
				],
				"on_close_commands": [
                    " "
				]
			}
		]
	}
}