{
	"format_version": "1.14",
	"minecraft:npc_dialogue":
	{
		"scenes":
		[
			{
				"scene_tag": "atomic_effects_gui2",
        "npc_name": { "rawtext": [ { "text": "§¶§bAtomic AntiCheat §7[§1v0.1§7]" } ] },
				"text": { "rawtext": [ { "text": "§¶§cAtomic → §5§lGUI EFFECTS MENU" } ] },
				"buttons": [
					{
						"name": { "rawtext": [ { "text": "§l§2HASTE" } ] },
						"commands": [
							"/execute @s[tag=stafftag] ~~~ effect @s haste 99999999 2 true",
              "/execute @s[tag=stafftag] ~~~ dialogue open @s @s atomic_effects_gui2",
							"/execute @s[tag=stafftag] ~~~ playsound note.pling @s ~ ~ ~"
						]
					},
					{
						"name": { "rawtext": [ { "text": "§l§2FIRE RESIST" } ] },
						"commands": [
              "/execute @s[tag=stafftag] ~~~ effect @s fire_resistance 99999999 2 true",
              "/execute @s[tag=stafftag] ~~~ dialogue open @s @s atomic_effects_gui2",
              "/execute @s[tag=stafftag] ~~~ playsound note.pling @s ~ ~ ~"
						]
					},
					{
						"name": { "rawtext": [ { "text": "§l§2CLEAR EFFECTS" } ] },
						"commands": [
							"/execute @s[tag=stafftag] ~~~ effect @s clear",
              "/execute @s[tag=stafftag] ~~~ dialogue open @s @s atomic_effects_gui2",
							"/execute @s[tag=stafftag] ~~~ playsound note.pling @s ~ ~ ~"
						]
					},
					{
						"name": { "rawtext": [ { "text": "§l§5MAIN MENU" } ] },
						"commands": [
							"/execute @s[tag=stafftag] ~~~ function atomic/gui"
						]
					},
          {
						"name": { "rawtext": [ { "text": "§l§cCLOSE MENU" } ] },
						"commands": [
							"/function dialogue_messages/close_message"
						]
					}
				],
				"on_close_commands": [
                    " "
				]
			},
			{
				"scene_tag": "welcome_screen",
				"npc_name": { "rawtext": [ { "text": "§¶§bAtomic AntiCheat §7[§1v0.0§7]" } ] },
				"text": { "rawtext": [ { "text": "§¶§bAtomic AntiCheat §7[§1v0.0§7]" } ] },
				"buttons": [
					{
						"name": { "rawtext": [ { "text": "§5§lClose" } ] },
						"commands": [
							" "
						]
					}
				],
				"on_close_commands": [
                    " "
				]
			},
			{
				"scene_tag": "manage_player",
				"npc_name": { "rawtext": [ { "text": "" } ] },
				"text": { "rawtext": [ { "text": "" } ] },
				"buttons": [

				],
				"on_close_commands": [

				]
			}
		]
	}
}