{
	"format_version": "1.14",
	"minecraft:npc_dialogue":
	{
		"scenes":
		[
			{
				"scene_tag": "atomic_music_gui2",
        "npc_name": { "rawtext": [ { "text": "§¶§bAtomic AntiCheat §7[§1v0.1§7]" } ] },
				"text": { "rawtext": [ { "text": "§¶§cAtomic → §5§lGUI MUSIC MENU PAGE 2" } ] },
				"buttons": [
					{
						"name": { "rawtext": [ { "text": "§l§2CHIRP" } ] },
						"commands": [
							"/execute @s[tag=stafftag] ~~~ execute @a ~~~ music play record.chirp 1 0 play_once",
              "/execute @s[tag=stafftag] ~~~ dialogue open @s @s atomic_music_gui2",
							"/execute @s[tag=stafftag] ~~~ playsound note.pling @s ~ ~ ~"
						]
					},
					{
						"name": { "rawtext": [ { "text": "§l§2FAR" } ] },
						"commands": [
              "/execute @s[tag=stafftag] ~~~ execute @a ~~~ music play record.far 1 0 play_once",
              "/execute @s[tag=stafftag] ~~~ dialogue open @s @s atomic_music_gui2",
              "/execute @s[tag=stafftag] ~~~ playsound note.pling @s ~ ~ ~"
						]
					},
					{
						"name": { "rawtext": [ { "text": "§l§2MALL" } ] },
						"commands": [
							"/execute @s[tag=stafftag] ~~~ execute @a ~~~ music play record.mall 1 0 play_once",
              "/execute @s[tag=stafftag] ~~~ dialogue open @s @s atomic_music_gui2",
							"/execute @s[tag=stafftag] ~~~ playsound note.pling @s ~ ~ ~"
						]
					},
					{
						"name": { "rawtext": [ { "text": "§l§2MELLOHI" } ] },
						"commands": [
							"/execute @s[tag=stafftag] ~~~ execute @a ~~~ music play record.mellohi 1 0 play_once",
              "/execute @s[tag=stafftag] ~~~ dialogue open @s @s atomic_music_gui2",
							"/execute @s[tag=stafftag] ~~~ playsound note.pling @s ~ ~ ~"
						]
					},
          {
						"name": { "rawtext": [ { "text": "§l§2STRAD" } ] },
						"commands": [
							"/execute @s[tag=stafftag] ~~~ execute @a ~~~ music play record.strad 1 0 play_once",
              "/execute @s[tag=stafftag] ~~~ dialogue open @s @s atomic_music_gui2",
							"/execute @s[tag=stafftag] ~~~ playsound note.pling @s ~ ~ ~"
						]
					},
					{
						"name": { "rawtext": [ { "text": "§l§9PAGE 3" } ] },
						"commands": [
							"/execute @s[tag=stafftag] ~~~ dialogue open @s @s atomic_music_gui3",
							"/execute @s[tag=stafftag] ~~~ playsound note.pling @s ~ ~ ~"
						]
					}
				],
				"on_close_commands": [
                    " "
				]
			},
			{
				"scene_tag": "welcome_screen",
				"npc_name": { "rawtext": [ { "text": "§¶§bAtomic AntiCheat §7[§1v0.0§7]" } ] },
				"text": { "rawtext": [ { "text": "§¶§bAtomic AntiCheat §7[§1v0.0§7]" } ] },
				"buttons": [
					{
						"name": { "rawtext": [ { "text": "§5§lClose" } ] },
						"commands": [
							" "
						]
					}
				],
				"on_close_commands": [
                    " "
				]
			},
			{
				"scene_tag": "manage_player",
				"npc_name": { "rawtext": [ { "text": "" } ] },
				"text": { "rawtext": [ { "text": "" } ] },
				"buttons": [

				],
				"on_close_commands": [

				]
			}
		]
	}
}