{
    "pools": [
        {
            "conditions": [
                {
                    "condition": "killed_by_player"
                },
                {
                    "condition": "random_chance_with_looting",
                    "chance": 0.025,
                    "looting_multiplier": 0.01
                }
            ],
            "rolls": 1,
            "entries": [
                {
                    "type": "item",
                    "name": "minecraft:iron_ingot",
                    "weight": 1
                },
                {
                    "type": "item",
                    "name": "minecraft:carrot",
                    "weight": 1
                },
                {
                    "type": "item",
                    "name": "minecraft:potato",
                    "weight": 1
                }
            ]
        }
    ]
}